review_id,source,review_date,reviewer_type,paid_user,summary_paraphrased,sentiment,source_url
R01,App Store (iOS),2026-04-16,organic,unknown,"Aspirant from Northeast India with little guidance and money finds Mains evaluation very useful and says the app tracks daily tasks like a mentor; wants timed sectional/full-length tests checked by a human.",positive,https://apps.apple.com/in/app/superkalam-crack-upsc-ias/id6747128599
R02,App Store (iOS),2026-03-16,organic,unknown,"Likes the idea of AI for UPSC, but the app crashes repeatedly and blocks access; iPad has no landscape mode.",negative,https://apps.apple.com/in/app/superkalam-crack-upsc-ias/id6747128599
R03,App Store (iOS),2026-09-06,organic,unknown,"Mostly happy; wants bookmarks and AI search inside Current Affairs and more subjects for CA MCQs; AI-generated topic MCQs sometimes go outside the syllabus.",mixed,https://apps.apple.com/in/app/superkalam-crack-upsc-ias/id6747128599
R04,App Store (iOS),2025-08-04,organic,unknown,"Streaks push them to attempt questions daily even when unsure; practising despite mistakes improved weak topics; evaluation is fast and useful.",positive,https://apps.apple.com/in/app/superkalam-crack-upsc-ias/id6747128599
R05,App Store (iOS),2025-07-30,organic,unknown,"Daily targets, reminders and motivational nudges keep their preparation consistent without feeling overwhelming.",positive,https://apps.apple.com/in/app/superkalam-crack-upsc-ias/id6747128599
R06,App Store (iOS),2025-09-24,organic,unknown,"Uses it after coaching like a social media app; content and interface are good; replaced doomscrolling with prep.",positive,https://apps.apple.com/in/app/superkalam-crack-upsc-ias/id6747128599
R07,App Store (iOS),2025-07-28,organic,unknown,"Saw it help someone close stay on track and motivated; recommends it to anyone starting UPSC.",positive,https://apps.apple.com/in/app/superkalam-crack-upsc-ias/id6747128599
R08,App Store (iOS),2026-03-17,organic,unknown,"Practises questions after each topic and tracks learning; likes having everything in one app.",positive,https://apps.apple.com/in/app/superkalam-crack-upsc-ias/id6747128599
R09,App Store (iOS),2025-12-02,organic,unknown,"Simple and user-friendly; the small daily limit keeps them practising; good for daily Prelims MCQs; says it needs better marketing.",positive,https://apps.apple.com/in/app/superkalam-crack-upsc-ias/id6747128599
R10,App Store (iOS),2026-01-24,organic,unknown,"Says the app helped them a great deal with focus; first app review they have written; requests a proper iPad version.",positive,https://apps.apple.com/in/app/superkalam-crack-upsc-ias/id6747128599
R11,Google Play,2026-09-12,organic,yes,"Bought a test series but was not told when it was updated; told to keep checking the app; expects accountability for money paid.",negative,https://play.google.com/store/apps/details?id=com.superkalam
R12,Google Play,2026-09-09,organic,unknown,"Great for revision and practice; evaluation is accurate; nudges and daily-target reminders get them studying daily and notes streaks are hard to build; frequent crashes cost the fifth star.",mixed,https://play.google.com/store/apps/details?id=com.superkalam
R13,Google Play,2026-09-08,organic,yes,"Pro member whose schedule is now good but whose results are not improving; asks for Law as an optional subject.",mixed,https://play.google.com/store/apps/details?id=com.superkalam
R14,Google Play (via AppBrain),,organic,unknown,"Go-to place for civil services prep; real-time Mains evaluation gives immediate feedback to fix mistakes and improve writing.",positive,https://www.appbrain.com/app/superkalam-crack-upsc-ias/com.superkalam
